{"stat.useItem.minecraft.string":4,"stat.chestOpened":2,"stat.useItem.minecraft.sticky_piston":14,"stat.useItem.minecraft.stone":358,"stat.useItem.minecraft.repeater":43,"stat.leaveGame":9,"stat.useItem.minecraft.diamond_sword":2,"stat.useItem.minecraft.bedrock":13,"stat.jump":425,"stat.useItem.minecraft.sand":54,"stat.swimOneCm":720,"stat.fallOneCm":1465,"stat.crouchOneCm":17411,"stat.useItem.minecraft.obsidian":49,"stat.useItem.minecraft.redstone_torch":76,"achievement.exploreAllBiomes":{"value":0,"progress":["Desert","The End","Hell"]},"stat.useItem.minecraft.dispenser":30,"stat.useItem.minecraft.activator_rail":1,"stat.useItem.minecraft.golden_rail":24,"stat.damageTaken":244,"stat.useItem.minecraft.anvil":1,"stat.flyOneCm":5322004,"stat.useItem.minecraft.ender_pearl":9,"stat.useItem.minecraft.end_portal_frame":25,"stat.killEntity.Villager":1,"stat.damageDealt":335,"stat.timeSinceDeath":97085,"stat.useItem.minecraft.sign":5,"stat.useItem.minecraft.spawn_egg":10,"stat.useItem.minecraft.command_block":20,"stat.walkOneCm":75622,"stat.useItem.minecraft.torch":1,"stat.useItem.minecraft.chest":2,"stat.useItem.minecraft.lever":3,"stat.useItem.minecraft.comparator":2,"stat.furnaceInteraction":2,"stat.useItem.minecraft.armor_stand":1,"stat.talkedToVillager":39,"stat.useItem.minecraft.end_stone":272,"stat.useItem.minecraft.minecart":1,"stat.useItem.minecraft.redstone_block":95,"stat.useItem.minecraft.redstone":276,"stat.useItem.minecraft.milk_bucket":1,"stat.useItem.minecraft.stained_hardened_clay":18,"stat.useItem.minecraft.dropper":13,"stat.sprintOneCm":23594,"stat.useItem.minecraft.stained_glass":41,"stat.useItem.minecraft.diamond_block":95,"stat.useItem.minecraft.fence":3,"stat.useItem.minecraft.stone_slab":11,"achievement.openInventory":107,"stat.useItem.minecraft.cauldron":2,"stat.useItem.minecraft.flint_and_steel":3,"stat.useItem.minecraft.wheat_seeds":19,"stat.useItem.minecraft.ender_eye":24,"stat.useItem.minecraft.hopper":34,"stat.mobKills":9,"stat.useItem.minecraft.stonebrick":20,"stat.useItem.minecraft.golden_apple":3,"stat.useItem.minecraft.boat":1,"stat.deaths":3,"stat.drop":10,"stat.playOneMinute":185445,"stat.useItem.minecraft.banner":2,"stat.diveOneCm":2123}